Pocket	Cluster	Pocket has ligand	Pfam domain has ligand	Protein has ligand	Domain has PDB	Protein has PDB	Domain has SGC
Q13287_PF07292_105_192_fpocket_7	1783	False	False	False	False	False	False
P80217_PF07292_81_170_fpocket_2	1783	False	False	False	False	False	False
Q8N7N1_PF10294_134_288_fpocket_14	1783	False	True	True	False	False	False
P43627_PF00047_38_112_fpocket_5	1783	False	False	False	True	True	False
P43627_PF00047_136_210_fpocket_1	1783	False	False	False	True	True	False
Q9P121_PF00047_231_307_fpocket_1	1783	False	False	True	True	True	False
Q8N743_PF00047_35_107_fpocket_1	1783	False	False	False	False	False	False
Q8N743_PF00047_231_304_fpocket_1	1783	False	False	False	False	False	False
Q8N743_PF00047_131_207_fpocket_5	1783	False	False	False	False	False	False
P11362_PF00047_44_113_fpocket_1	1783	False	False	True	True	True	False
Q14943_PF00047_231_305_fpocket_2	1783	False	False	False	False	False	False
Q14943_PF00047_231_305_fpocket_6	1783	False	False	False	False	False	False
Q14943_PF00047_131_207_fpocket_4	1783	False	False	False	False	False	False
P01730_PF00047_29_119_fpocket_1	1783	False	False	False	True	True	True
Q14953_PF00047_36_112_fpocket_1	1783	False	False	False	False	False	False
Q92854_PF00047_563_635_fpocket_1	1783	False	False	False	True	True	False
P43628_PF00047_36_112_fpocket_1	1783	False	False	False	True	True	False
P43628_PF00047_136_210_fpocket_1	1783	False	False	False	True	True	False
Q9Y336_PF00047_160_224_fpocket_2	1783	False	False	True	False	False	False
Q9NS98_PF00047_593_666_fpocket_1	1783	False	False	False	False	False	False
P43630_PF00047_35_107_fpocket_1	1783	False	False	False	False	False	False
P43630_PF00047_131_207_fpocket_4	1783	False	False	False	False	False	False
P43630_PF00047_231_298_fpocket_2	1783	False	False	False	False	False	False
Q16288_PF00047_218_296_fpocket_1	1783	False	False	True	False	True	False
Q14952_PF00047_38_111_fpocket_1	1783	False	False	False	False	False	False
Q14952_PF00047_136_210_fpocket_1	1783	False	False	False	False	False	False
Q96P31_PF00047_298_366_fpocket_1	1783	False	False	True	False	False	False
Q12860_PF00047_514_595_fpocket_2	1783	False	False	True	False	True	False
P43626_PF00047_38_112_fpocket_5	1783	False	False	False	True	True	False
P43626_PF00047_137_210_fpocket_1	1783	False	False	False	True	True	False
P43626_PF00047_137_210_fpocket_3	1783	False	False	False	True	True	False
P10721_PF00047_220_302_fpocket_2	1783	False	False	True	True	True	False
P09619_PF00047_40_110_fpocket_2	1783	False	False	True	True	True	False
Q8NHJ6_PF00047_131_204_fpocket_1	1783	False	False	True	True	True	False
P43629_PF00047_35_107_fpocket_1	1783	False	False	False	True	True	False
P43629_PF00047_231_305_fpocket_1	1783	False	False	False	True	True	False
P43629_PF00047_231_305_fpocket_5	1783	False	False	False	True	True	False
P43629_PF00047_131_207_fpocket_1	1783	False	False	False	True	True	False
P13688_PF00047_335_407_fpocket_3	1783	False	False	True	False	True	False
Q8N109_PF00047_35_107_fpocket_1	1783	False	False	False	False	False	False
Q8N109_PF00047_131_205_fpocket_2	1783	False	False	False	False	False	False
Q6UXZ0_PF00047_44_105_fpocket_5	1783	False	False	True	False	False	False
Q14954_PF00047_136_210_fpocket_2	1783	False	False	False	False	False	False
Q14954_PF00047_38_112_fpocket_4	1783	False	False	False	False	False	False
P24071_PF00047_134_206_fpocket_1	1783	False	False	False	True	True	False
Q8NHK3_PF00047_35_107_fpocket_1	1783	False	False	False	False	False	False
Q8NHK3_PF00047_131_205_fpocket_2	1783	False	False	False	False	False	False
Q8N423_PF00047_233_304_fpocket_6	1783	False	False	True	True	True	False
Q8N423_PF00047_332_403_fpocket_2	1783	False	False	True	True	True	False
P36888_PF00047_259_341_fpocket_1	1783	False	False	False	True	True	False
P20138_PF00047_151_224_fpocket_1	1783	False	False	True	True	True	True
P43632_PF00047_35_112_fpocket_1	1783	False	False	False	True	True	False
P43632_PF00047_136_210_fpocket_1	1783	False	False	False	True	True	False
P43632_PF00047_136_210_fpocket_4	1783	False	False	False	True	True	False
Q99706_PF00047_37_109_fpocket_1	1783	False	False	False	True	True	False
Q99706_PF00047_133_207_fpocket_1	1783	False	False	False	True	True	False
Q8N149_PF00047_332_403_fpocket_2	1783	False	False	True	False	True	False
Q8N149_PF00047_234_303_fpocket_1	1783	False	False	True	False	True	False
P35590_PF00047_133_206_fpocket_2	1783	False	False	True	False	True	False
P35590_PF00047_359_439_fpocket_1	1783	False	False	True	False	True	False
P59901_PF00047_231_303_fpocket_6	1783	False	False	True	False	False	False
P17948_PF00047_239_321_fpocket_1	1783	False	False	True	True	True	False
O15041_PF00047_591_666_fpocket_1	1783	False	False	False	False	False	False
P12314_PF00047_200_270_fpocket_4	1783	False	False	True	True	True	False
P55082_PF00047_64_130_fpocket_2	1783	False	False	False	False	False	False
P41217_PF00047_47_130_fpocket_1	1783	False	False	False	False	False	False
P35968_PF00047_234_310_fpocket_1	1783	False	False	True	True	True	False
P08887_PF00047_36_97_fpocket_1	1783	False	False	False	True	True	False
P19320_PF00047_232_302_fpocket_1	1783	False	False	True	False	True	False
P43631_PF00047_36_112_fpocket_1	1783	False	False	False	True	True	False
P43631_PF00047_136_210_fpocket_2	1783	False	False	False	True	True	False
Q8NHL6_PF00047_333_405_fpocket_1	1783	False	False	True	True	True	False
O75022_PF00047_233_304_fpocket_1	1783	False	False	True	False	False	False
O75022_PF00047_332_405_fpocket_2	1783	False	False	True	False	False	False
O75023_PF00047_232_303_fpocket_1	1783	False	False	True	False	False	False
O75023_PF00047_332_398_fpocket_1	1783	False	False	True	False	False	False
Q6PI73_PF00047_332_408_fpocket_1	1783	False	False	True	True	True	False
Q6PI73_PF00047_233_304_fpocket_3	1783	False	False	True	True	True	False
Q6PJF5_PF01694_652_788_fpocket_1	1783	False	False	False	True	True	False
Q9H300_PF01694_209_349_fpocket_12	1783	False	False	False	False	False	False
Q6ZMC9_PF07686_47_165_fpocket_3	1783	False	True	True	True	True	False
P0DP04_PF07686_28_116_fpocket_6	1783	False	True	True	False	False	False
Q9Y336_PF07686_26_137_fpocket_4	1783	False	True	True	False	False	False
Q6UX41_PF07686_25_131_fpocket_2	1783	False	True	True	False	False	False
Q9NY72_PF07686_29_140_fpocket_1	1783	False	True	True	True	True	False
Q14002_PF07686_42_141_fpocket_1	1783	False	True	True	True	True	False
A0A0B4J1X8_PF07686_28_116_fpocket_4	1783	False	True	True	False	False	False
Q96KV6_PF07686_37_140_fpocket_1	1783	False	True	True	False	False	False
A0A0B4J263_PF07686_25_109_fpocket_4	1783	False	True	True	False	False	False
P06729_PF07686_30_126_fpocket_4	1783	False	True	True	True	True	False
A0A0A0MT36_PF07686_26_108_fpocket_4	1783	False	True	True	False	False	False
A0A0K2S4Q6_PF07686_27_114_fpocket_2	1783	False	True	True	False	False	False
Q496F6_PF07686_20_106_fpocket_2	1783	False	True	True	False	False	False
Q15116_PF07686_39_144_fpocket_2	1783	False	True	True	True	True	False
A0A578_PF07686_25_111_fpocket_3	1783	False	True	True	False	False	False
P31997_PF07686_42_140_fpocket_1	1783	False	True	True	True	True	False
Q495A1_PF07686_32_121_fpocket_3	1783	False	True	True	True	True	False
P06331_PF07686_41_122_fpocket_2	1783	False	True	True	False	False	False
P01772_PF07686_31_116_fpocket_3	1783	False	True	True	True	True	False
A0A5B6_PF07686_25_111_fpocket_6	1783	False	True	True	True	True	False
A6NFU0_PF07686_48_134_fpocket_4	1783	False	True	True	False	False	False
O75054_PF07686_824_927_fpocket_12	1783	False	True	True	False	False	False
A0A584_PF07686_28_112_fpocket_2	1783	False	True	True	False	False	False
Q9NZ71_PF06733_111_272_fpocket_3	1783	False	False	False	False	False	False
Q9BX63_PF06733_248_415_fpocket_5	1783	False	False	False	False	False	True
Q92771_PF06733_251_434_fpocket_12	1783	False	False	False	False	False	False
A8MPP1_PF06733_234_417_fpocket_3	1783	False	False	False	False	False	False
P12314_PF13927_23_86_fpocket_1	1783	False	False	True	True	True	False
Q99795_PF13927_150_215_fpocket_1	1783	False	False	True	False	False	False
P13688_PF13927_146_219_fpocket_1	1783	False	False	True	True	True	False
Q96LC7_PF13927_370_428_fpocket_1	1783	False	False	True	False	False	False
Q12866_PF13927_197_266_fpocket_1	1783	False	False	True	False	True	False
Q96P31_PF13927_476_548_fpocket_1	1783	False	False	True	False	False	False
O15389_PF13927_253_317_fpocket_1	1783	False	False	True	False	True	False
Q58EX2_PF13927_215_286_fpocket_1	1783	False	False	True	False	True	False
Q9HCN6_PF13927_113_180_fpocket_1	1783	False	False	True	True	True	False
P12319_PF13927_29_94_fpocket_1	1783	False	False	True	True	True	False
Q96J84_PF13927_308_373_fpocket_1	1783	False	False	True	False	False	False
Q8IUL8_PF13927_291_363_fpocket_1	1783	False	False	False	False	False	False
Q8NDA2_PF13927_1985_2061_fpocket_1	1783	False	False	True	False	False	False
Q8NDA2_PF13927_697_769_fpocket_1	1783	False	False	True	False	False	False
Q8NDA2_PF13927_884_959_fpocket_1	1783	False	False	True	False	False	False
Q8NDA2_PF13927_975_1050_fpocket_1	1783	False	False	True	False	False	False
Q8NDA2_PF13927_3502_3576_fpocket_1	1783	False	False	True	False	False	False
Q8NDA2_PF13927_3413_3484_fpocket_1	1783	False	False	True	False	False	False
Q8NDA2_PF13927_1636_1700_fpocket_3	1783	False	False	True	False	False	False
Q9BY67_PF13927_243_317_fpocket_1	1783	False	False	True	False	True	False
Q96LA6_PF13927_118_187_fpocket_2	1783	False	False	False	False	False	False
Q9BX67_PF13927_143_223_fpocket_1	1783	False	False	True	False	False	False
O75339_PF13927_309_379_fpocket_1	1783	False	False	False	False	False	False
Q96RL6_PF13927_381_439_fpocket_1	1783	False	False	True	False	False	False
Q2VWP7_PF13927_235_307_fpocket_1	1783	False	False	True	False	False	False
Q2VWP7_PF13927_138_207_fpocket_2	1783	False	False	True	False	False	False
A6NMB1_PF13927_350_411_fpocket_1	1783	False	False	True	False	False	False
P22607_PF13927_260_343_fpocket_1	1783	False	False	True	True	True	False
Q9UDY8_PF13927_128_194_fpocket_1	1783	False	False	True	True	True	True
Q8NFP4_PF13927_239_312_fpocket_1	1783	False	False	True	True	True	False
Q8NFP4_PF13927_439_515_fpocket_1	1783	False	False	True	False	True	False
Q8NFP4_PF13927_342_418_fpocket_3	1783	False	False	True	False	True	False
Q8NFP4_PF13927_147_217_fpocket_3	1783	False	False	True	True	True	False
P20916_PF13927_239_309_fpocket_1	1783	False	False	False	False	False	False
P20916_PF13927_334_396_fpocket_1	1783	False	False	False	False	False	False
Q9Y279_PF13927_154_214_fpocket_1	1783	False	False	True	False	True	False
Q9UMF0_PF13927_757_818_fpocket_1	1783	False	False	False	False	True	False
P20273_PF13927_598_663_fpocket_1	1783	False	False	True	True	True	False
P20273_PF13927_343_400_fpocket_2	1783	False	False	True	False	True	False
P22455_PF13927_256_337_fpocket_1	1783	False	False	True	True	True	False
P57087_PF13927_137_218_fpocket_1	1783	False	False	True	False	False	False
Q6WRI0_PF13927_2527_2609_fpocket_1	1783	False	False	True	False	False	False
Q6WRI0_PF13927_583_649_fpocket_1	1783	False	False	True	False	False	False
A1KZ92_PF13927_329_402_fpocket_1	1783	False	False	True	False	False	False
O94898_PF13927_497_584_fpocket_1	1783	False	False	True	False	False	False
O60500_PF13927_740_820_fpocket_1	1783	False	False	True	False	False	False
Q13308_PF13927_595_668_fpocket_2	1783	False	False	True	False	True	False
Q13308_PF13927_128_203_fpocket_1	1783	False	False	True	False	True	False
Q13308_PF13927_505_574_fpocket_1	1783	False	False	True	False	True	False
Q13308_PF13927_35_104_fpocket_1	1783	False	False	True	False	True	False
Q6UWL6_PF13927_312_378_fpocket_1	1783	False	False	True	False	False	False
O60469_PF13927_407_488_fpocket_1	1783	False	False	True	False	True	False
O60469_PF13927_689_770_fpocket_1	1783	False	False	True	True	True	False
O60469_PF13927_1292_1363_fpocket_4	1783	False	False	True	False	True	False
Q13449_PF13927_218_294_fpocket_1	1783	False	False	False	False	False	False
Q13449_PF13927_131_201_fpocket_1	1783	False	False	False	False	False	False
P0DP72_PF13927_241_312_fpocket_1	1783	False	False	False	False	False	False
P0DP72_PF13927_501_581_fpocket_5	1783	False	False	False	False	False	False
P0DP72_PF13927_149_221_fpocket_1	1783	False	False	False	False	False	False
Q8IZF2_PF13927_281_351_fpocket_1	1783	False	False	True	False	False	False
Q15198_PF13927_271_361_fpocket_1	1783	False	False	False	False	False	False
P43121_PF13927_258_321_fpocket_1	1783	False	False	False	False	True	False
P43121_PF13927_347_410_fpocket_3	1783	False	False	False	True	True	False
Q96LA5_PF13927_215_279_fpocket_5	1783	False	False	True	False	False	False
Q96LA5_PF13927_300_372_fpocket_1	1783	False	False	True	False	False	False
Q2WEN9_PF13927_138_205_fpocket_1	1783	False	False	True	False	False	False
Q7Z3B1_PF13927_138_207_fpocket_1	1783	False	False	True	True	True	False
Q7Z3B1_PF13927_225_301_fpocket_1	1783	False	False	True	True	True	False
Q15109_PF13927_240_304_fpocket_1	1783	False	False	False	True	True	False
Q9P2J2_PF13927_226_305_fpocket_1	1783	False	False	True	False	True	False
Q9P2J2_PF13927_135_209_fpocket_1	1783	False	False	True	False	True	False
Q12860_PF13927_50_118_fpocket_3	1783	False	False	True	False	True	False
Q12860_PF13927_336_395_fpocket_1	1783	False	False	True	False	True	False
P23468_PF13927_235_304_fpocket_1	1783	False	False	True	True	True	False
P59901_PF13927_323_396_fpocket_1	1783	False	False	True	False	False	False
P35916_PF13927_236_314_fpocket_1	1783	False	False	True	False	True	False
P98160_PF13927_2630_2700_fpocket_1	1783	False	False	True	False	True	False
P98160_PF13927_3111_3189_fpocket_2	1783	False	False	True	False	True	False
P98160_PF13927_1679_1750_fpocket_1	1783	False	False	True	False	True	False
P98160_PF13927_3022_3095_fpocket_1	1783	False	False	True	False	True	False
P98160_PF13927_1776_1844_fpocket_2	1783	False	False	True	False	True	False
Q96IQ7_PF13927_152_221_fpocket_1	1783	False	False	True	False	False	False
Q8N6G6_PF13927_1285_1357_fpocket_3	1783	False	False	True	False	False	False
P13591_PF13927_307_399_fpocket_1	1783	False	False	True	False	True	False
P13591_PF13927_426_493_fpocket_1	1783	False	False	True	True	True	False
P13591_PF13927_124_190_fpocket_2	1783	False	False	True	False	True	False
Q9Y6N7_PF13927_454_528_fpocket_1	1783	False	False	True	True	True	False
Q9Y6N7_PF13927_67_151_fpocket_1	1783	False	False	True	True	True	False
Q9BWV1_PF13927_231_303_fpocket_1	1783	False	False	True	False	True	False
Q9UQ52_PF13927_227_301_fpocket_1	1783	False	False	True	False	False	False
Q9UQ52_PF13927_501_579_fpocket_1	1783	False	False	True	False	False	False
Q9UQ52_PF13927_26_104_fpocket_1	1783	False	False	True	False	False	False
P50895_PF13927_273_340_fpocket_1	1783	False	False	True	False	True	False
P50895_PF13927_463_526_fpocket_2	1783	False	False	True	False	True	False
P09619_PF13927_217_294_fpocket_1	1783	False	False	True	True	True	False
Q9NR99_PF13927_1852_1932_fpocket_5	1783	False	False	True	False	False	False
Q9NR99_PF13927_2732_2814_fpocket_3	1783	False	False	True	False	False	False
Q9NR99_PF13927_589_655_fpocket_1	1783	False	False	True	False	False	False
Q9NR99_PF13927_487_558_fpocket_3	1783	False	False	True	False	False	False
Q8N475_PF13927_340_417_fpocket_1	1783	False	False	False	False	False	False
Q8N475_PF13927_258_323_fpocket_1	1783	False	False	False	False	False	False
P11464_PF13927_148_221_fpocket_1	1783	False	False	True	False	False	False
P11464_PF13927_241_312_fpocket_1	1783	False	False	True	False	False	False
P19320_PF13927_517_583_fpocket_1	1783	False	False	True	False	True	False
P19320_PF13927_605_672_fpocket_1	1783	False	False	True	False	True	False
Q8NFZ8_PF13927_224_295_fpocket_1	1783	False	False	True	False	False	False
Q9UQ74_PF13927_148_221_fpocket_2	1783	False	False	True	False	False	False
Q9UQ74_PF13927_241_312_fpocket_1	1783	False	False	True	False	False	False
Q8N6C8_PF13927_326_398_fpocket_1	1783	False	False	True	False	True	False
P35613_PF13927_29_112_fpocket_1	1783	False	False	False	True	True	False
P35613_PF13927_220_302_fpocket_1	1783	False	False	False	True	True	False
O15146_PF13927_217_286_fpocket_1	1783	False	False	True	False	True	False
A6NGN9_PF13927_217_295_fpocket_1	1783	False	False	True	True	True	False
A6NGN9_PF13927_135_199_fpocket_1	1783	False	False	True	True	True	False
A8MVW5_PF13927_148_223_fpocket_1	1783	False	False	False	False	False	False
O00533_PF13927_240_314_fpocket_2	1783	False	False	True	False	False	False
O00533_PF13927_330_405_fpocket_1	1783	False	False	True	False	False	False
Q9UQ72_PF13927_148_221_fpocket_1	1783	False	False	True	False	False	False
Q8N126_PF13927_236_302_fpocket_1	1783	False	False	True	False	True	False
Q14982_PF13927_135_206_fpocket_1	1783	False	False	True	True	True	False
Q02246_PF13927_239_310_fpocket_2	1783	False	False	True	True	True	False
Q02246_PF13927_510_590_fpocket_1	1783	False	False	True	True	True	False
Q02246_PF13927_52_115_fpocket_1	1783	False	False	True	True	True	False
P11912_PF13927_40_108_fpocket_1	1783	False	False	False	True	True	False
Q6UY09_PF13927_258_328_fpocket_1	1783	False	False	False	False	False	False
Q6UY09_PF13927_69_141_fpocket_1	1783	False	False	False	False	False	False
Q6UY09_PF13927_363_420_fpocket_1	1783	False	False	False	False	False	False
Q6UY09_PF13927_175_234_fpocket_3	1783	False	False	False	False	False	False
Q9NYZ4_PF13927_270_332_fpocket_2	1783	False	False	True	False	True	False
Q7Z5N4_PF13927_293_364_fpocket_1	1783	False	False	True	False	False	False
Q96MS0_PF13927_346_426_fpocket_1	1783	False	False	True	False	True	False
Q96MS0_PF13927_64_147_fpocket_1	1783	False	False	True	False	True	False
O94779_PF13927_115_177_fpocket_3	1783	False	False	True	False	True	False
O94779_PF13927_204_273_fpocket_1	1783	False	False	True	False	True	False
P0C6S8_PF13927_406_484_fpocket_1	1783	False	False	False	False	False	False
Q15223_PF13927_261_320_fpocket_1	1783	False	False	True	True	True	False
Q9HCK4_PF13927_313_393_fpocket_1	1783	False	False	True	True	True	False
Q9HCK4_PF13927_30_114_fpocket_1	1783	False	False	True	True	True	False
Q9HCK4_PF13927_137_207_fpocket_1	1783	False	False	True	True	True	False
A6NDA9_PF13927_252_331_fpocket_1	1783	False	False	False	False	False	False
Q4KMG0_PF13927_404_504_fpocket_1	1783	False	False	True	False	True	False
Q4KMG0_PF13927_230_294_fpocket_1	1783	False	False	True	False	True	False
Q8WZ75_PF13927_31_118_fpocket_1	1783	False	False	True	False	False	False
Q9P232_PF13927_26_104_fpocket_1	1783	False	False	True	False	True	False
Q9P232_PF13927_501_579_fpocket_2	1783	False	False	True	False	True	False
Q9P232_PF13927_130_199_fpocket_2	1783	False	False	True	False	True	False
Q96JA1_PF13927_494_581_fpocket_2	1783	False	False	True	True	True	False
Q16557_PF13927_148_221_fpocket_1	1783	False	False	True	False	False	False
Q16557_PF13927_241_312_fpocket_1	1783	False	False	True	False	False	False
Q13740_PF13927_254_314_fpocket_2	1783	False	False	False	False	True	False
Q3KPI0_PF13927_147_218_fpocket_1	1783	False	False	True	False	False	False
Q8IWV2_PF13927_500_578_fpocket_1	1783	False	False	True	False	False	False
Q5DX21_PF13927_148_219_fpocket_1	1783	False	False	True	False	False	False
Q92823_PF13927_45_127_fpocket_1	1783	False	False	True	False	True	False
Q92823_PF13927_365_436_fpocket_1	1783	False	False	True	False	True	False
Q96NY8_PF13927_266_319_fpocket_1	1783	False	False	True	False	True	False
O75019_PF13927_326_398_fpocket_1	1783	False	False	True	False	False	False
P32004_PF13927_239_316_fpocket_7	1783	False	False	True	False	True	False
P32004_PF13927_34_118_fpocket_3	1783	False	False	True	False	True	False
Q6DN72_PF13927_207_280_fpocket_1	1783	False	False	True	False	False	False
Q8IVU1_PF13927_46_121_fpocket_1	1783	False	False	True	False	False	False
Q8IVU1_PF13927_238_309_fpocket_1	1783	False	False	True	False	False	False
Q8IVU1_PF13927_143_213_fpocket_1	1783	False	False	True	False	False	False
Q8N0Z9_PF13927_311_390_fpocket_5	1783	False	False	True	False	False	False
Q8N0Z9_PF13927_137_205_fpocket_4	1783	False	False	True	False	False	False
Q8TDY8_PF13927_245_314_fpocket_1	1783	False	False	True	False	False	False
P31997_PF13927_146_219_fpocket_1	1783	False	False	True	False	True	False
Q13046_PF13927_148_221_fpocket_1	1783	False	False	True	False	False	False
Q13046_PF13927_241_312_fpocket_1	1783	False	False	True	False	False	False
Q14CZ8_PF13927_148_221_fpocket_1	1783	False	False	True	False	False	False
P78310_PF13927_153_216_fpocket_3	1783	False	False	True	True	True	False
P40199_PF13927_146_219_fpocket_1	1783	False	False	True	False	True	False
P11465_PF13927_148_221_fpocket_1	1783	False	False	True	False	False	False
Q86SJ2_PF13927_300_367_fpocket_1	1783	False	False	False	False	False	False
Q96PQ1_PF13927_389_450_fpocket_1	1783	False	False	True	False	False	False
Q12860_PF13927_244_314_fpocket_1	1783	False	False	True	True	True	False
Q9P2J2_PF13927_417_490_fpocket_2	1783	False	False	True	False	True	False
Q8N3J6_PF13927_227_300_fpocket_1	1783	False	False	True	False	False	False
P06731_PF13927_597_659_fpocket_1	1783	False	False	True	True	True	False
P06731_PF13927_146_219_fpocket_1	1783	False	False	True	True	True	False
P06731_PF13927_502_575_fpocket_1	1783	False	False	True	True	True	False
P06731_PF13927_324_397_fpocket_1	1783	False	False	True	True	True	False
Q00888_PF13927_148_221_fpocket_2	1783	False	False	True	False	False	False
Q00888_PF13927_241_312_fpocket_1	1783	False	False	True	False	False	False
Q13332_PF13927_135_220_fpocket_1	1783	False	False	True	True	True	False
Q13332_PF13927_245_313_fpocket_1	1783	False	False	True	True	True	False
Q96NI6_PF13927_286_361_fpocket_1	1783	False	False	False	True	True	False
Q9UPX0_PF13927_138_210_fpocket_1	1783	False	False	True	False	False	False
Q9UPX0_PF13927_228_307_fpocket_1	1783	False	False	True	False	False	False
Q9UPX0_PF13927_419_492_fpocket_1	1783	False	False	True	False	False	False
Q9UPX0_PF13927_31_115_fpocket_1	1783	False	False	True	False	False	False
Q9Y624_PF13927_134_216_fpocket_1	1783	False	False	True	True	True	False
P21802_PF13927_266_346_fpocket_1	1783	False	False	True	True	True	False
P21802_PF13927_45_110_fpocket_1	1783	False	False	True	False	True	False
Q15238_PF13927_148_219_fpocket_1	1783	False	False	True	False	False	False
Q96AP7_PF13927_155_228_fpocket_1	1783	False	False	True	False	False	False
Q8TD84_PF13927_1297_1367_fpocket_4	1783	False	False	True	False	True	False
Q8TD84_PF13927_608_673_fpocket_1	1783	False	False	True	False	True	False
Q8TD84_PF13927_689_771_fpocket_6	1783	False	False	True	False	True	False
Q8TD84_PF13927_505_577_fpocket_1	1783	False	False	True	False	True	False
P35968_PF13927_551_645_fpocket_1	1783	False	False	True	False	True	False
Q6UXM1_PF13927_498_585_fpocket_1	1783	False	False	True	False	False	False
O75147_PF13927_1098_1155_fpocket_2	1783	False	False	True	False	True	False
Q00889_PF13927_147_220_fpocket_1	1783	False	False	True	False	False	False
Q96RW7_PF13927_4439_4513_fpocket_1	1783	False	False	True	False	False	False
Q96RW7_PF13927_3987_4062_fpocket_1	1783	False	False	True	False	False	False
Q96RW7_PF13927_3896_3971_fpocket_1	1783	False	False	True	False	False	False
Q92859_PF13927_152_224_fpocket_2	1783	False	False	True	False	True	False
Q14002_PF13927_147_220_fpocket_1	1783	False	False	True	False	True	False
O94856_PF13927_40_122_fpocket_2	1783	False	False	True	True	True	False
O94856_PF13927_342_412_fpocket_2	1783	False	False	True	True	True	False
P30530_PF13927_41_118_fpocket_1	1783	False	False	True	True	True	True
Q7Z553_PF13927_50_114_fpocket_3	1783	False	False	True	False	False	False
Q7Z553_PF13927_441_517_fpocket_1	1783	False	False	True	False	False	False
Q7Z553_PF13927_242_314_fpocket_1	1783	False	False	True	False	False	False
Q7Z553_PF13927_151_219_fpocket_3	1783	False	False	True	False	False	False
Q9Y639_PF13927_36_120_fpocket_1	1783	False	False	True	False	True	False
Q6MZW2_PF13927_340_417_fpocket_1	1783	False	False	False	False	False	False
Q6MZW2_PF13927_258_324_fpocket_1	1783	False	False	False	False	False	False
Q13291_PF06214_1_125_fpocket_1	1783	False	False	False	False	False	False
Q9H5V8_PF23665_542_654_fpocket_1	1783	False	False	False	False	False	False
Q9H5V8_PF23665_219_322_fpocket_1	1783	False	False	False	False	False	False
Q9P278_PF14638_927_1110_fpocket_9	1783	False	False	False	True	True	False
Q8TF40_PF14638_976_1162_fpocket_8	1783	False	False	False	False	False	False
Q96J84_PF07679_22_112_fpocket_1	1783	False	True	True	False	False	False
Q96RW7_PF07679_4260_4339_fpocket_1	1783	False	True	True	False	False	False
Q8WZ42_PF07679_2268_2343_fpocket_2	1783	False	True	True	False	True	False
Q8WZ42_PF07679_2358_2428_fpocket_1	1783	False	True	True	False	True	False
Q8WZ75_PF07679_138_220_fpocket_1	1783	False	True	True	False	False	False
P35968_PF07679_667_750_fpocket_1	1783	False	True	True	True	True	False
P35968_PF07679_340_411_fpocket_1	1783	False	True	True	True	True	False
O75147_PF07679_1451_1523_fpocket_1	1783	False	True	True	False	True	False
O75147_PF07679_342_418_fpocket_1	1783	False	True	True	False	True	False
O75147_PF07679_726_790_fpocket_1	1783	False	True	True	True	True	False
Q8IZU9_PF07679_49_132_fpocket_1	1783	False	True	True	False	True	False
Q9BWV1_PF07679_136_210_fpocket_1	1783	False	True	True	False	True	False
Q6ZP82_PF07679_1409_1498_fpocket_1	1783	False	True	True	False	False	False
Q01973_PF07679_61_143_fpocket_1	1783	False	True	True	False	True	False
Q15262_PF07679_201_278_fpocket_1	1783	False	True	True	True	True	False
Q8WZ42_PF07679_7006_7091_fpocket_1	1783	False	True	True	False	True	False
Q8WZ42_PF07679_6914_6998_fpocket_1	1783	False	True	True	False	True	False
P16234_PF07679_223_306_fpocket_1	1783	False	True	True	True	True	False
Q8TD84_PF07679_317_396_fpocket_1	1783	False	True	True	False	True	False
O15146_PF07679_121_203_fpocket_1	1783	False	True	True	False	True	False
Q92626_PF07679_246_328_fpocket_1	1783	False	True	True	False	False	False
Q86VF2_PF07679_958_1028_fpocket_1	1783	False	True	True	False	False	False
Q5VST9_PF07679_1541_1609_fpocket_1	1783	False	True	True	False	True	False
Q5VST9_PF07679_1266_1332_fpocket_1	1783	False	True	True	False	True	False
Q5VST9_PF07679_1634_1700_fpocket_4	1783	False	True	True	True	True	False
Q5VST9_PF07679_1082_1148_fpocket_1	1783	False	True	True	True	True	False
Q5VST9_PF07679_990_1057_fpocket_1	1783	False	True	True	False	True	False
Q5VST9_PF07679_3539_3610_fpocket_1	1783	False	True	True	True	True	False
Q5VST9_PF07679_2648_2724_fpocket_1	1783	False	True	True	False	True	False
Q5VST9_PF07679_4068_4143_fpocket_1	1783	False	True	True	False	True	False
Q5VST9_PF07679_2293_2364_fpocket_3	1783	False	True	True	False	True	False
Q5VST9_PF07679_3627_3698_fpocket_1	1783	False	True	True	True	True	False
Q5VST9_PF07679_3980_4051_fpocket_1	1783	False	True	True	False	True	False
Q5VST9_PF07679_3275_3350_fpocket_1	1783	False	True	True	False	True	False
Q5VST9_PF07679_2560_2626_fpocket_1	1783	False	True	True	False	True	False
Q14896_PF07679_11_85_fpocket_1	1783	False	True	True	True	True	False
Q14896_PF07679_365_439_fpocket_1	1783	False	True	True	True	True	False
Q5VST9_PF07679_7463_7548_fpocket_1	1783	False	True	True	False	True	False
Q5VST9_PF07679_6014_6098_fpocket_1	1783	False	True	True	False	True	False
Q5VST9_PF07679_1174_1240_fpocket_1	1783	False	True	True	True	True	False
Q2VWP7_PF07679_40_121_fpocket_1	1783	False	True	True	False	False	False
Q8N9C0_PF07679_420_495_fpocket_1	1783	False	True	True	False	False	False
O15394_PF07679_116_190_fpocket_1	1783	False	True	True	True	True	False
P43146_PF07679_141_222_fpocket_1	1783	False	True	True	False	True	False
Q7Z553_PF07679_346_424_fpocket_3	1783	False	True	True	False	False	False
Q8WZ42_PF07679_4758_4843_fpocket_1	1783	False	True	True	False	True	False
P23468_PF07679_127_216_fpocket_1	1783	False	True	True	True	True	False
Q96MS0_PF07679_451_532_fpocket_3	1783	False	True	True	False	True	False
Q7Z5N4_PF07679_197_273_fpocket_2	1783	False	True	True	False	False	False
Q5VTT5_PF07679_1125_1204_fpocket_2	1783	False	True	True	False	False	False
Q00872_PF07679_850_924_fpocket_7	1783	False	True	True	False	True	False
Q00872_PF07679_434_502_fpocket_5	1783	False	True	True	True	True	False
Q00872_PF07679_262_329_fpocket_1	1783	False	True	True	True	True	False
P32004_PF07679_337_411_fpocket_1	1783	False	True	True	False	True	False
Q14324_PF07679_441_511_fpocket_1	1783	False	True	True	False	True	False
Q14324_PF07679_258_333_fpocket_1	1783	False	True	True	False	True	False
Q14324_PF07679_348_423_fpocket_1	1783	False	True	True	True	True	False
Q6UWL6_PF07679_24_109_fpocket_1	1783	False	True	True	False	False	False
P17948_PF07679_350_407_fpocket_1	1783	False	True	True	True	True	False
Q8WZ42_PF07679_2175_2259_fpocket_1	1783	False	True	True	False	True	False
Q8WZ42_PF07679_2883_2963_fpocket_1	1783	False	True	True	True	True	False
Q8WZ42_PF07679_9586_9657_fpocket_1	1783	False	True	True	True	True	False
Q8WZ42_PF07679_2708_2778_fpocket_2	1783	False	True	True	False	True	False
Q6WRI0_PF07679_486_556_fpocket_1	1783	False	True	True	False	False	False
A2RUH7_PF07679_65_139_fpocket_1	1783	False	True	True	False	False	False
O75147_PF07679_1631_1703_fpocket_1	1783	False	True	True	False	True	False
O75147_PF07679_1362_1440_fpocket_1	1783	False	True	True	False	True	False
O75147_PF07679_1722_1792_fpocket_1	1783	False	True	True	False	True	False
Q8TDY8_PF07679_145_223_fpocket_1	1783	False	True	True	False	False	False
Q8WZ42_PF07679_3059_3137_fpocket_1	1783	False	True	True	False	True	False
O15146_PF07679_28_110_fpocket_2	1783	False	True	True	True	True	False
A1KZ92_PF07679_234_317_fpocket_1	1783	False	True	True	False	False	False
Q5VST9_PF07679_1900_1978_fpocket_1	1783	False	True	True	False	True	False
Q5VST9_PF07679_2918_2993_fpocket_1	1783	False	True	True	True	True	False
Q5VST9_PF07679_335_405_fpocket_1	1783	False	True	True	False	True	False
Q5VST9_PF07679_809_872_fpocket_1	1783	False	True	True	False	True	False
Q5VST9_PF07679_3006_3080_fpocket_1	1783	False	True	True	True	True	False
Q5VST9_PF07679_2738_2809_fpocket_1	1783	False	True	True	True	True	False
Q14896_PF07679_1181_1270_fpocket_2	1783	False	True	True	True	True	False
Q14896_PF07679_456_527_fpocket_1	1783	False	True	True	True	True	False
Q14896_PF07679_548_616_fpocket_1	1783	False	True	True	False	True	False
Q13203_PF07679_185_256_fpocket_2	1783	False	True	True	False	False	False
Q8N9C0_PF07679_235_320_fpocket_2	1783	False	True	True	False	False	False
Q9NR99_PF07679_2355_2435_fpocket_4	1783	False	True	True	False	False	False
Q01638_PF07679_28_102_fpocket_2	1783	False	True	True	True	True	False
Q00872_PF07679_850_924_fpocket_10	1783	False	True	True	False	True	False
Q13616_PF26557_539_658_fpocket_4	1783	False	False	False	True	True	False
Q13619_PF26557_527_660_fpocket_8	1783	False	False	False	True	True	False
Q99638_PF04139_13_265_fpocket_25	1783	False	False	False	True	True	False
Q9NQ34_PF05434_55_197_fpocket_4	1783	False	False	False	False	False	False
Q9P0T7_PF05434_42_182_fpocket_8	1783	False	False	False	False	False	False
