Cluster	Cluster_Rank	Pocket	Mahalanobis distance	Origin
1260	1	O60563_PF21797_152_244_fpocket_2	1.0568	SGC
1260	1	O60583_PF21797_151_243_fpocket_1	2.2303	SGC
1184	2	Q9Y613_PF18382_17_101_fpocket_5	0.2843	PDB
1184	2	Q92900_PF13086_585_682_fpocket_3	0.3106	PDB
1444	3	P49281_PF01566_90_473_fpocket_30	1.0281	SGC
1444	3	Q96NL8_PF14996_64_207_fpocket_2	1.4309	AF2
1354	4	P01033_PF00965_22_199_fpocket_4	1.0153	PDB
1354	4	Q6UXV0_PF02351_220_316_fpocket_1	1.0749	PDB
1783	5	Q9BX63_PF06733_248_415_fpocket_5	1.0032	SGC
1783	5	P01730_PF00047_29_119_fpocket_1	1.096	SGC
588	6	Q9BPU9_PF07162_4_162_fpocket_2	1.6354	SGC
588	6	Q96TA1_PF26089_63_196_fpocket_8	1.8163	PDB
1080	7	P01138_PF00243_129_237_fpocket_1	1.3596	PDB
1080	7	Q8IZA0_PF22352_603_685_fpocket_2	1.6376	PDB
141	8	Q99829_PF00168_143_235_fpocket_3	1.3199	SGC
141	8	Q99829_PF00168_12_110_fpocket_4	1.6393	SGC
130	9	Q8NEN9_PF17820_395_441_fpocket_2	1.469	SGC
130	9	O00233_PF17820_139_194_fpocket_1	1.6662	SGC
428	10	O95954_PF07837_4_179_fpocket_3	2.0818	SGC
428	10	Q8IYB3_PF01480_46_115_fpocket_1	1.6643	PDB
151	11	Q8WXG8_PF01023_5_49_fpocket_4	1.8156	SGC
151	11	P06702_PF01023_8_51_fpocket_1	1.8421	SGC
583	12	Q08945_PF03531_106_170_fpocket_3	1.2764	SGC
583	12	Q15628_PF09034_51_161_fpocket_6	0.8419	PDB
242	13	P56282_PF04042_287_489_fpocket_2	1.4906	PDB
242	13	O60814_PF00125_20_101_fpocket_2	1.8494	PDB
546	14	P35548_PF00046_143_199_fpocket_2	2.1694	SGC
546	14	O95948_PF00046_427_480_fpocket_1	1.2354	PDB
1736	15	O14802_PF04997_13_356_fpocket_32	1.0523	PDB
1736	15	P24928_PF04997_16_354_fpocket_9	0.9873	PDB
682	16	P41002_PF00646_32_69_fpocket_2	2.0743	SGC
682	16	Q9H078_PF10431_574_650_fpocket_1	1.3498	PDB
596	17	P49758_PF00631_256_317_fpocket_3	1.5454	SGC
596	17	Q96TA2_PF17862_528_571_fpocket_1	2.3285	SGC
1577	18	Q8IWV7_PF02617_222_300_fpocket_1	1.3969	SGC
1577	18	Q16762_PF00581_44_136_fpocket_1	1.5999	SGC
1011	19	Q8N158_PF01153_13_553_fpocket_21	1.134	PDB
1011	19	P80370_PF00008_174_203_fpocket_1	1.6878	PDB
497	20	Q8TF46_PF00773_465_816_fpocket_18	1.1971	SGC
497	20	O75674_PF03127_213_288_fpocket_1	1.524	SGC
561	21	P34949_PF20511_6_154_fpocket_9	2.6795	SGC
561	21	Q14118_PF05345_62_140_fpocket_6	1.0201	PDB
563	22	P48059_PF00412_193_248_fpocket_1	1.1663	PDB
563	22	O60711_PF00412_270_324_fpocket_5	1.3524	PDB
1057	23	P06127_PF00530_40_127_fpocket_2	0.3766	PDB
1057	23	Q6ZMJ2_PF00530_396_493_fpocket_1	0.7783	PDB
32	24	O94993_PF00505_337_404_fpocket_3	1.476	PDB
32	24	P09429_PF00505_95_163_fpocket_2	2.0805	SGC
299	25	Q8IXJ9_PF05066_11_82_fpocket_6	2.0183	SGC
299	25	P39060_PF06482_1581_1750_fpocket_2	2.4281	PDB
1718	27	Q9UJW3_PF17980_35_89_fpocket_2	2.261	SGC
1718	27	Q86XP0_PF01735_323_514_fpocket_1	0.577	PDB
990	28	O95999_PF00619_19_101_fpocket_3	2.3779	SGC
990	28	O15514_PF03874_32_136_fpocket_3	1.5258	PDB
30	29	Q15654_PF00412_279_334_fpocket_1	1.3188	PDB
30	29	Q14192_PF00412_40_96_fpocket_3	1.5344	PDB
55	30	P20061_PF14478_355_432_fpocket_1	1.0733	PDB
55	30	Q9H255_PF13853_32_306_fpocket_20	1.721	PDB
70	31	P42331_PF00620_177_324_fpocket_4	1.2493	SGC
70	31	Q6P4F7_PF00620_66_207_fpocket_7	1.3463	SGC
1374	32	P60866_PF00338_21_115_fpocket_8	2.4293	PDB
1374	32	Q5SY16_PF25467_544_646_fpocket_3	2.6408	PDB
1608	33	Q8NAV1_PF03371_11_174_fpocket_11	0.8819	PDB
1608	33	Q9UKY1_PF00046_668_717_fpocket_1	2.1167	PDB
744	34	O95471_PF00822_5_182_fpocket_3	1.7791	SGC
744	34	Q01453_PF00822_1_153_fpocket_5	2.7868	SGC
29	36	P0C8F1_PF00021_22_97_fpocket_1	1.246	AF2
29	36	O00548_PF00008_293_323_fpocket_1	1.806	PDB
1620	39	Q99829_PF00168_12_110_fpocket_2	1.2821	SGC
1620	39	Q96PV0_PF00168_263_365_fpocket_4	1.2858	SGC
488	40	P50995_PF00191_204_269_fpocket_2	2.1725	SGC
488	40	P07355_PF00191_109_174_fpocket_1	1.354	SGC
709	41	Q6ZN28_PF23637_732_841_fpocket_8	2.0487	AF2
709	41	Q99598_PF01997_51_264_fpocket_1	1.7645	PDB
44	42	Q8NEZ5_PF10442_299_364_fpocket_1	1.4298	SGC
44	42	P08195_PF00128_234_331_fpocket_1	1.4761	SGC
62	43	Q9NZM1_PF00168_200_286_fpocket_4	1.5848	PDB
62	43	Q14206_PF04847_21_190_fpocket_3	2.1868	AF2
1279	44	Q9H8Y8_PF04495_69_204_fpocket_9	1.1574	PDB
1279	44	P02749_PF00084_23_72_fpocket_1	1.2873	PDB
155	45	Q8IWT3_PF11515_366_439_fpocket_1	2.206	SGC
155	45	P84098_PF01280_3_55_fpocket_1	1.8401	PDB
157	46	Q13049_PF13445_20_62_fpocket_3	2.2674	SGC
157	46	Q9BYV2_PF13445_26_79_fpocket_1	2.7179	SGC
307	48	Q8TEP8_PF22074_1886_2061_fpocket_3	2.0435	PDB
307	48	Q9GZY0_PF03943_574_622_fpocket_3	1.6534	AF2
598	49	Q8IUH2_PF13883_121_284_fpocket_7	1.161	AF2
598	49	A4D0V7_PF24536_747_807_fpocket_1	0.8085	AF2
200	50	Q06710_PF00292_9_133_fpocket_3	0.6906	SGC
200	50	Q02548_PF00292_16_140_fpocket_3	0.5198	PDB
867	51	P23193_PF08711_26_76_fpocket_3	2.4138	SGC
867	51	O95602_PF00623_434_613_fpocket_6	1.6124	PDB
533	52	O60563_PF00134_13_149_fpocket_1	1.7776	SGC
533	52	P49758_PF00610_43_113_fpocket_1	2.1143	SGC
110	53	Q9NXG2_PF02926_171_253_fpocket_2	1.5734	SGC
110	53	Q9NUX5_PF02765_11_141_fpocket_5	0.8863	PDB
1046	54	P01023_PF01835_129_221_fpocket_2	1.3133	PDB
1046	54	Q6YHK3_PF01835_131_221_fpocket_3	1.6031	PDB
1382	55	Q8N163_PF14443_340_452_fpocket_3	0.2055	SGC
1382	55	P05026_PF00287_6_296_fpocket_18	0.5908	SGC
1040	56	Q7LG56_PF00268_41_308_fpocket_1	1.7309	PDB
1040	56	P31350_PF00268_79_346_fpocket_2	1.8151	PDB
136	57	P49643_PF04104_279_448_fpocket_11	2.2331	PDB
136	57	A6NJV1_PF10629_19_85_fpocket_7	1.1804	AF2
199	58	Q9NWU1_PF00109_42_291_fpocket_13	0.6352	SGC
199	58	Q9BQ52_PF13691_61_120_fpocket_3	1.7078	SGC
278	59	P51114_PF00013_221_277_fpocket_1	1.496	SGC
278	59	P51116_PF00013_231_289_fpocket_3	1.8818	SGC
390	60	Q6P1X6_PF14956_32_206_fpocket_4	1.0439	AF2
390	60	Q9Y4E8_PF14836_136_222_fpocket_3	2.084	SGC
653	61	P04156_PF00377_134_251_fpocket_4	1.8479	PDB
653	61	Q9UKY0_PF00377_63_176_fpocket_1	1.1907	AF2
305	62	O15116_PF01423_10_75_fpocket_4	1.6487	SGC
305	62	P29728_PF10421_154_337_fpocket_2	1.5459	PDB
805	63	Q13405_PF05046_82_166_fpocket_1	1.6311	PDB
805	63	P40121_PF00626_30_107_fpocket_3	1.7285	PDB
637	64	Q9NP77_PF04722_6_194_fpocket_4	1.0404	SGC
637	64	Q9NRN7_PF01648_125_241_fpocket_5	1.6068	SGC
297	65	Q86YT6_PF00569_79_122_fpocket_1	1.2542	PDB
297	65	O75223_PF13772_78_160_fpocket_2	1.2549	PDB
1246	66	P21953_PF02779_70_245_fpocket_3	1.529	PDB
1246	66	Q9NPH3_PF01582_405_562_fpocket_10	1.9579	PDB
334	67	P04844_PF23861_271_369_fpocket_3	2.5631	SGC
334	67	O75381_PF04695_25_68_fpocket_1	2.1248	PDB
43	68	O75396_PF13774_37_117_fpocket_3	1.3515	PDB
43	68	P78504_PF25024_433_682_fpocket_9	1.6202	AF2
276	69	O75051_PF01437_510_559_fpocket_2	2.0902	SGC
276	69	O43157_PF01437_481_533_fpocket_1	2.2447	SGC
411	70	Q9NUX5_PF21375_396_537_fpocket_4	1.6546	PDB
411	70	Q8TC59_PF02171_669_956_fpocket_26	1.6599	PDB
918	71	P57771_PF00615_56_171_fpocket_2	1.2887	SGC
918	71	O43566_PF00615_67_182_fpocket_5	1.4474	SGC
280	72	O15151_PF13920_436_482_fpocket_2	1.8441	PDB
280	72	A6NI61_PF12036_5_185_fpocket_9	0.5815	AF2
456	73	P55265_PF00035_615_679_fpocket_1	2.1087	SGC
456	73	O14561_PF00550_92_148_fpocket_1	2.2621	SGC
582	74	P98088_PF01826_338_394_fpocket_1	1.2282	PDB
582	74	P61024_PF01111_6_72_fpocket_1	2.5715	SGC
628	75	Q9NV88_PF16661_85_237_fpocket_2	2.5336	PDB
628	75	O14763_PF00531_339_421_fpocket_3	1.1768	AF2
1244	77	Q9ULE3_PF03456_584_651_fpocket_3	1.5619	SGC
1244	77	Q6FI81_PF20922_9_171_fpocket_2	2.1572	PDB
737	78	O43157_PF08337_1562_2102_fpocket_12	1.1127	SGC
737	78	Q9UKR5_PF03694_8_118_fpocket_1	1.7789	SGC
1294	79	Q5T4F4_PF01363_344_410_fpocket_2	1.133	PDB
1294	79	Q8IZQ1_PF01363_3450_3514_fpocket_2	0.9327	PDB
82	80	Q13137_PF17751_23_125_fpocket_4	1.9825	PDB
82	80	Q86VP1_PF17751_17_120_fpocket_3	2.1156	PDB
741	81	Q9Y2K7_PF17811_304_342_fpocket_1	1.6336	SGC
741	81	P23378_PF01212_586_729_fpocket_1	2.2407	SGC
1677	82	Q8TEH3_PF02141_94_273_fpocket_18	2.2341	SGC
1677	82	Q13769_PF09766_97_452_fpocket_2	1.8987	PDB
12	83	O60306_PF13087_1115_1305_fpocket_2	2.2524	SGC
12	83	P02545_PF00932_434_542_fpocket_3	2.6938	SGC
387	85	Q9HAS3_PF07670_285_383_fpocket_8	2.9312	SGC
387	85	Q8WTQ1_PF13841_29_58_fpocket_1	1.4584	PDB
536	86	O75376_PF00249_627_670_fpocket_2	2.6956	SGC
536	86	Q7KZ85_PF14639_775_931_fpocket_2	2.3473	SGC
1414	87	Q99543_PF21884_177_281_fpocket_1	1.315	SGC
1414	87	Q86YW0_PF00388_157_300_fpocket_3	1.358	SGC
194	88	Q16595_PF01491_90_197_fpocket_1	1.9507	SGC
194	88	Q03989_PF01388_58_142_fpocket_1	1.1474	AF2
290	89	Q6IQ26_PF02759_795_942_fpocket_2	1.7975	AF2
290	89	P24394_PF09238_28_121_fpocket_1	1.7488	PDB
1218	90	Q16762_PF00581_44_136_fpocket_7	1.0605	SGC
1218	90	Q16762_PF00581_165_280_fpocket_4	1.2243	SGC
1786	91	Q8NC69_PF02214_14_101_fpocket_1	1.472	SGC
1786	91	Q693B1_PF02214_22_69_fpocket_1	1.4798	SGC
96	92	Q7L8S5_PF02338_147_269_fpocket_1	1.7327	SGC
96	92	Q9NWW5_PF15156_33_308_fpocket_20	2.5232	SGC
42	93	O95260_PF04377_290_429_fpocket_12	1.2411	SGC
42	93	Q9H3S4_PF04265_169_236_fpocket_2	1.9257	SGC
67	94	Q9NYJ8_PF02845_11_50_fpocket_4	2.1678	PDB
67	94	Q9UKV5_PF02845_458_497_fpocket_1	1.8974	PDB
238	95	Q01581_PF08540_187_469_fpocket_13	1.4551	SGC
238	95	Q99551_PF02536_76_389_fpocket_2	1.854	PDB
507	96	Q9NWU1_PF02801_299_413_fpocket_2	0.9924	SGC
507	96	Q5T447_PF03256_247_385_fpocket_3	1.7613	SGC
79	97	P04844_PF23860_377_503_fpocket_1	1.2282	SGC
79	97	Q8NHQ8_PF21712_2_78_fpocket_1	1.4735	PDB
469	99	P36871_PF24947_422_559_fpocket_1	1.2392	PDB
469	99	Q9H0A8_PF07258_128_191_fpocket_1	1.585	PDB
649	100	P09429_PF00505_95_163_fpocket_4	2.0228	SGC
649	100	P04844_PF25147_530_628_fpocket_8	2.697	SGC
877	101	P57727_PF15494_112_210_fpocket_3	1.3461	SGC
877	101	P57727_PF15494_112_210_fpocket_1	1.6276	SGC
1103	102	Q9P0U3_PF02902_464_635_fpocket_2	1.4054	SGC
1103	102	Q9HC62_PF02902_410_580_fpocket_1	1.4921	SGC
1437	103	P02746_PF00386_123_247_fpocket_1	1.4004	PDB
1437	103	Q9UBY9_PF00011_76_159_fpocket_1	1.4247	PDB
2	104	P43360_PF01454_198_281_fpocket_1	2.384	SGC
2	104	P26599_PF13893_81_144_fpocket_5	0.4469	PDB
123	105	Q96TA2_PF01434_588_762_fpocket_10	1.3083	SGC
123	105	Q9H7B2_PF04427_40_227_fpocket_14	1.1251	PDB
317	106	Q92622_PF13901_737_936_fpocket_9	1.8198	PDB
317	106	Q92900_PF13087_691_887_fpocket_7	2.257	PDB
523	107	P56381_PF04627_3_50_fpocket_1	2.0743	PDB
523	107	Q9GZU2_PF02023_42_128_fpocket_7	2.8475	PDB
566	108	O75293_PF01248_22_118_fpocket_10	1.5415	SGC
566	108	Q9ULZ3_PF02758_8_82_fpocket_4	1.6738	PDB
