Cluster	Cluster_Rank	Pocket	Mahalanobis distance
1184	2	Q9ULB1_PF02210_508_652_fpocket_8	0.2739
1184	2	Q9ULB1_PF02210_933_1061_fpocket_7	0.2968
1444	3	Q96NL8_PF14996_64_207_fpocket_2	1.4309
1444	3	A6NFI3_PF00096_692_713_fpocket_3	2.1318
1354	4	P49788_PF06907_54_273_fpocket_13	1.0563
1354	4	Q99727_PF00965_28_207_fpocket_1	1.6388
1783	5	A8MPP1_PF06733_234_417_fpocket_3	0.5524
1783	5	A6NDA9_PF13927_252_331_fpocket_1	0.5874
588	6	Q96CJ1_PF09816_17_113_fpocket_2	2.0754
588	6	Q14690_PF23459_1227_1297_fpocket_3	1.904
1080	7	Q7Z5A7_PF12020_42_131_fpocket_4	0.9271
1080	7	Q8N3H0_PF12020_41_129_fpocket_1	1.0842
141	8	Q6XYQ8_PF00168_247_351_fpocket_5	0.5581
141	8	Q5T7P8_PF00168_245_348_fpocket_7	0.6123
130	9	Q8NEN9_PF17820_395_441_fpocket_2	1.469
130	9	O00233_PF17820_139_194_fpocket_1	1.6662
428	10	Q9Y247_PF04921_183_323_fpocket_2	1.0227
428	10	Q6ZQV5_PF01352_23_63_fpocket_1	1.8877
151	11	O00186_PF00995_33_575_fpocket_42	0.1754
151	11	Q9HAT2_PF03629_119_306_fpocket_1	0.7563
583	12	A6NIJ9_PF13853_34_303_fpocket_22	0.0524
583	12	Q8NGL4_PF13853_33_309_fpocket_22	0.0906
242	13	O75443_PF12714_651_705_fpocket_3	2.0667
242	13	P58876_PF00125_20_101_fpocket_1	2.0211
546	14	P50458_PF00046_267_323_fpocket_1	1.2095
546	14	Q9UBR4_PF00046_158_214_fpocket_4	1.4428
1736	15	O43674_PF09781_1_189_fpocket_3	1.9909
1736	15	Q9UNE2_PF02318_46_158_fpocket_5	2.4725
682	16	P0DUD1_PF11357_109_217_fpocket_8	1.5351
682	16	O75052_PF00640_32_174_fpocket_14	1.418
596	17	Q92896_PF00839_291_345_fpocket_1	1.3028
596	17	P28908_PF00020_108_149_fpocket_1	1.4234
1577	18	Q96LT6_PF14953_22_269_fpocket_3	1.0225
1577	18	Q6DKJ4_PF13848_311_424_fpocket_1	1.9066
1011	19	Q5T1H1_PF00008_813_844_fpocket_1	1.393
1011	19	P0DPK3_PF00008_148_177_fpocket_1	1.421
497	20	Q6UXC1_PF00629_493_642_fpocket_6	0.9507
497	20	Q6DCA0_PF01871_111_279_fpocket_3	1.0335
561	21	Q9H091_PF20179_484_677_fpocket_9	0.5734
561	21	O75431_PF10568_41_162_fpocket_7	0.5944
563	22	Q8NA82_PF12906_659_714_fpocket_3	1.6775
563	22	P61968_PF00412_23_81_fpocket_2	1.269
1057	23	P58215_PF00530_421_525_fpocket_1	0.5126
1057	23	Q4G0T1_PF00530_331_428_fpocket_1	0.5327
299	25	Q9NXH9_PF00642_602_626_fpocket_1	1.9419
299	25	P61129_PF00642_303_326_fpocket_1	2.0378
514	26	Q8TDJ6_PF12234_1497_1903_fpocket_15	0.5385
514	26	A0AVI2_PF08150_692_765_fpocket_1	1.9135
1718	27	P48378_PF25340_371_659_fpocket_22	1.4984
1718	27	Q147U7_PF15080_19_214_fpocket_3	1.6401
990	28	A6NFQ7_PF00046_18_73_fpocket_1	0.9569
990	28	P0DTE4_PF00201_21_239_fpocket_10	1.1109
30	29	Q96KT7_PF00892_42_173_fpocket_3	0.8392
30	29	P0C7Q6_PF00892_42_173_fpocket_3	0.9913
55	30	Q8NH74_PF13853_31_304_fpocket_1	0.3172
55	30	A6NDH6_PF13853_31_306_fpocket_1	0.3575
70	31	Q9NYF5_PF00620_39_183_fpocket_11	1.3857
70	31	Q9P2N2_PF00620_399_546_fpocket_10	1.5606
1608	33	O94808_PF01380_363_490_fpocket_2	1.0093
1608	33	Q8IVV2_PF01477_1950_2054_fpocket_6	1.1198
744	34	O95832_PF00822_5_182_fpocket_7	1.0652
744	34	Q9P2P1_PF23050_13_74_fpocket_1	1.7629
1395	35	Q13454_PF04756_54_342_fpocket_1	1.5559
1395	35	Q8N5C6_PF22706_350_521_fpocket_3	2.2589
29	36	P0C8F1_PF00021_22_97_fpocket_1	1.246
29	36	Q8N475_PF13927_340_417_fpocket_3	1.6766
1254	38	Q9P283_PF00090_858_907_fpocket_1	1.655
1254	38	Q5UIP0_PF12231_22_361_fpocket_10	1.6833
1620	39	Q9UPW8_PF00168_1546_1655_fpocket_6	0.5828
1620	39	Q5T0F9_PF00168_702_813_fpocket_11	0.6264
488	40	Q8NEY3_PF06294_55_150_fpocket_1	0.9139
488	40	A6NMY6_PF00191_109_174_fpocket_1	1.4765
44	42	Q8IYS2_PF10222_6_629_fpocket_3	0.7119
44	42	P78539_PF00084_262_317_fpocket_3	1.6222
1279	44	Q15147_PF17787_12_140_fpocket_1	1.5364
1279	44	Q58FF7_PF00183_344_575_fpocket_18	1.6232
157	46	Q9Y508_PF18574_85_117_fpocket_1	2.3898
157	46	Q9H009_PF19026_176_214_fpocket_1	2.321
228	47	Q75N90_PF07645_1721_1756_fpocket_1	1.6576
228	47	Q14246_PF07645_132_170_fpocket_1	1.7363
598	49	A4D0V7_PF24536_747_807_fpocket_1	0.8085
598	49	O75078_PF08516_531_639_fpocket_7	1.1541
200	50	Q02962_PF00292_16_140_fpocket_2	0.4218
200	50	P23759_PF00292_34_161_fpocket_2	0.5181
867	51	O75764_PF08711_28_78_fpocket_1	1.1512
867	51	Q92537_PF00084_42_102_fpocket_1	1.7072
533	52	Q8N9R8_PF12070_65_556_fpocket_37	1.1248
533	52	Q5SZK8_PF16184_561_683_fpocket_4	1.7508
110	53	Q96N76_PF17392_440_646_fpocket_6	1.092
110	53	O00203_PF24080_980_1090_fpocket_2	1.4496
1046	54	P20742_PF01835_128_220_fpocket_3	1.2572
1046	54	Q9UC06_PF13465_294_319_fpocket_1	2.5319
1382	55	Q12836_PF00100_312_455_fpocket_5	0.3974
1382	55	Q9UN42_PF00287_82_351_fpocket_13	0.8305
1040	56	Q8NGY5_PF13853_32_305_fpocket_8	0.3032
1040	56	Q8NH37_PF13853_29_300_fpocket_2	0.6389
136	57	A6NJV1_PF10629_19_85_fpocket_7	1.1804
136	57	Q9H1U4_PF00053_400_444_fpocket_2	1.8898
199	58	O60941_PF09069_145_232_fpocket_3	0.8551
199	58	A8MYZ0_PF13898_106_455_fpocket_12	0.8844
278	59	Q9H4A5_PF05719_48_263_fpocket_17	2.306
278	59	Q96I24_PF00013_165_230_fpocket_1	2.0311
390	60	Q6P1X6_PF14956_32_206_fpocket_4	1.0439
390	60	Q14582_PF00010_55_106_fpocket_1	1.7625
653	61	Q9UKY0_PF00377_63_176_fpocket_1	1.1907
653	61	O15067_PF18072_184_232_fpocket_2	1.6678
305	62	Q9Y3B9_PF07890_92_215_fpocket_1	1.2816
305	62	Q96Q05_PF26282_897_1011_fpocket_7	1.4917
805	63	Q4KWH8_PF00388_301_445_fpocket_3	1.1965
805	63	O75038_PF00388_328_472_fpocket_1	1.2381
637	64	Q9BRQ4_PF14926_12_259_fpocket_6	0.8977
637	64	P49335_PF00046_279_335_fpocket_1	0.9582
297	65	Q6ZVD8_PF23010_58_138_fpocket_1	0.8791
297	65	Q6ZVD8_PF23010_58_138_fpocket_11	1.0712
1246	66	O43364_PF00046_144_200_fpocket_2	2.1459
1246	66	Q8N693_PF00046_140_196_fpocket_3	2.1191
334	67	Q96CN9_PF01465_717_760_fpocket_1	2.3129
334	67	A4D256_PF14671_22_159_fpocket_10	2.0636
276	69	Q9Y315_PF01791_52_273_fpocket_1	1.2047
276	69	Q6UX71_PF01437_327_372_fpocket_1	1.5502
411	70	Q969X1_PF01027_97_307_fpocket_7	0.4188
411	70	Q96MP5_PF21600_312_434_fpocket_1	0.8371
280	72	A6NI61_PF12036_5_185_fpocket_9	0.5815
280	72	Q96AX9_PF13920_909_949_fpocket_2	1.8025
456	73	Q8IUY3_PF02893_75_178_fpocket_1	0.8435
456	73	Q66K14_PF02893_291_396_fpocket_1	1.1958
582	74	Q7L1V2_PF19037_276_368_fpocket_1	0.8808
582	74	Q6W4X9_PF01826_302_357_fpocket_1	1.0439
628	75	Q7Z3D6_PF14336_298_608_fpocket_4	1.213
628	75	Q6ZMT9_PF00531_682_762_fpocket_4	1.5443
770	76	Q9H0A9_PF15059_195_340_fpocket_1	1.5478
770	76	O75556_PF01099_1_90_fpocket_1	2.0042
1244	77	Q9P219_PF19047_17_161_fpocket_5	1.3118
1244	77	Q9ULE3_PF03456_584_651_fpocket_3	1.5619
737	78	P51805_PF08337_1293_1841_fpocket_30	1.7353
737	78	Q86XR2_PF26086_366_537_fpocket_3	2.2017
1294	79	Q96K21_PF01363_78_133_fpocket_1	1.2922
1294	79	Q9H116_PF13894_377_400_fpocket_1	1.9933
82	80	P0DPI3_PF04828_133_228_fpocket_6	1.3149
82	80	A0A0U1RR11_PF04828_133_228_fpocket_4	1.3616
741	81	Q12907_PF03388_53_277_fpocket_1	0.9995
741	81	Q9HB07_PF03690_47_366_fpocket_1	1.3911
1677	82	O75064_PF02141_314_497_fpocket_13	1.7927
1677	82	Q5EG05_PF00619_4_89_fpocket_1	2.4476
12	83	P42694_PF13087_841_1050_fpocket_1	0.7324
12	83	Q16527_PF00412_119_175_fpocket_1	1.7812
220	84	Q8N1E6_PF12937_10_46_fpocket_1	1.4601
220	84	Q7L590_PF09329_382_427_fpocket_1	1.9753
387	85	O60733_PF01734_481_664_fpocket_4	1.2053
387	85	Q9BRL7_PF13774_42_117_fpocket_7	1.3402
536	86	Q96GZ6_PF01769_106_239_fpocket_2	1.915
536	86	A6NNV3_PF11357_194_304_fpocket_8	0.6716
1414	87	O00587_PF02434_50_300_fpocket_2	1.0572
1414	87	Q9Y644_PF02434_55_305_fpocket_1	1.1088
194	88	Q12768_PF10266_23_1103_fpocket_27	0.6866
194	88	Q33E94_PF25340_201_474_fpocket_20	0.7969
290	89	Q9Y6N6_PF00053_810_858_fpocket_2	1.2255
290	89	Q8WTR8_PF00053_275_317_fpocket_1	1.2617
1218	90	Q9BR11_PF21056_47_167_fpocket_6	1.7021
1218	90	O60687_PF02494_177_259_fpocket_2	1.8413
1786	91	Q5XUX1_PF12937_80_121_fpocket_1	1.246
1786	91	Q8NEE6_PF12937_155_200_fpocket_1	1.2958
96	92	Q0P651_PF09752_16_414_fpocket_2	1.3217
96	92	Q7L8S5_PF02338_147_269_fpocket_1	1.7327
42	93	Q6DN14_PF00168_471_565_fpocket_5	1.264
42	93	Q17RD7_PF00168_365_461_fpocket_5	1.4942
507	96	Q9NZS9_PF15227_34_73_fpocket_1	1.3839
507	96	Q9P2X3_PF01205_182_289_fpocket_4	1.4616
79	97	Q7Z3Z4_PF02170_274_405_fpocket_1	1.1805
79	97	Q9P273_PF23093_383_511_fpocket_3	1.4431
469	99	Q14184_PF00168_283_386_fpocket_2	1.1065
469	99	Q15124_PF24947_427_564_fpocket_1	1.2701
649	100	P26583_PF00505_95_163_fpocket_4	1.1959
649	100	Q9ULJ6_PF25527_563_686_fpocket_2	1.3212
877	101	P57727_PF15494_112_210_fpocket_3	1.3461
877	101	P57727_PF15494_112_210_fpocket_1	1.6276
1103	102	Q9HAV5_PF00020_44_83_fpocket_1	1.1798
1103	102	Q9H4L4_PF02902_400_571_fpocket_10	1.68
1437	103	O75973_PF00386_131_255_fpocket_5	1.2684
1437	103	Q9BXJ2_PF00386_149_273_fpocket_4	1.332
2	104	P78509_PF21471_435_556_fpocket_3	1.4677
2	104	Q9BUJ0_PF12697_97_195_fpocket_7	1.5223
123	105	Q96PD7_PF03982_92_388_fpocket_3	0.6625
123	105	O75592_PF03256_3749_3854_fpocket_2	0.7696
317	106	Q7Z333_PF13087_2226_2424_fpocket_7	1.2286
317	106	Q6ZNB7_PF04116_119_249_fpocket_3	1.3159
523	107	Q5VTU8_PF04627_3_50_fpocket_1	1.5447
523	107	Q9BRR0_PF02023_43_130_fpocket_2	1.9163
566	108	Q6K0P9_PF02758_10_80_fpocket_6	1.0301
566	108	Q5VVW2_PF02145_220_399_fpocket_2	1.163
892	109	P49788_PF06907_54_273_fpocket_2	1.3702
892	109	Q96IT1_PF02023_38_126_fpocket_4	1.5442
1576	110	Q01954_PF12874_358_377_fpocket_1	1.8757
1576	110	Q6ZN30_PF12874_442_461_fpocket_1	1.9496
1711	111	Q8WXA3_PF01363_537_596_fpocket_1	1.4825
1711	111	Q9NUK0_PF22628_49_87_fpocket_1	2.2712
1161	112	P38432_PF23086_458_550_fpocket_6	1.1801
1161	112	Q5PRF9_PF00536_300_357_fpocket_1	1.4756
95	113	Q56UQ5_PF00838_6_138_fpocket_9	1.2952
95	113	Q8N815_PF00134_53_178_fpocket_13	1.6527
